{"empty_shelf_space":831.0,"profit_loss":686.2796974568093,"height_placement_penalty":2498.030000000001}