{"empty_shelf_space":855.0,"profit_loss":685.7662015138646,"height_placement_penalty":2484.0100000000007}