{"s_p":[48.57142857142871,48.57142857142871,48.57142857142871,31.0,48.57142857142871,48.57142857142871,48.57142857142871,11.45,12.6,12.5,8.0,3.0,6.75,2.64,3.32,8.25,6.69,6.41,2.01,6.36,2.4,0.97,2.42,2.34,1.5,2.59,37.0,18.380000000000003,26.0,16.0,15.0,3.53,4.9,2.85,3.41,3.58,1.8,1.5,1.3333333333333333,1.0,2.25,1.82,2.33,2.47,3.6300000000000003,1.0,0.0,0.0,0.0,0.0,0.0,6.0,1.68,0.0,3.4,2.0,2.13,1.31,1.58,1.24,2.95,1.56,1.37,1.25,2.5,2.13,6.0,2.0,1.14,1.0,1.39,1.0,1.74,1.0,1.74,1.1700000000000002,0.0,0.0,0.0,0.0,0.0,3.5509138381201044,5.326370757180157,5.326370757180157,10.44,9.95,9.95,3.0,2.85,2.85,2.85,8.46,0.0,0.0,0.0,2.41,2.14,2.19,2.04,1.57,1.85,1.5,10.05,7.470000000000001,0.0,4.0,3.51,9.0,7.8100000000000005,4.81,4.22,3.99,13.049999999999999,8.08,8.540000000000001,8.67,10.41,11.3,5.920000000000001,5.52,3.18,3.68,3.23,4.39,7.62,2.29,5.8100000000000005,3.83,5.94,0.0,2.45,7.16,11.58,4.18,12.96,5.44,7.7700000000000005,1.27,2.48,11.61,14.17,6.54,4.24,1.54,9.9,3.27,2.82,5.49,3.4,2.58,3.57,2.69,2.45,1.27,2.48,7.84,7.12,3.5,4.7,3.26,3.94,2.04,1.095890410958904,8.46,3.67,2.56,3.74,4.65,2.59,1.79,7.300000000000001,1.0,1.82,3.33,1.0958904109589043,5.58,3.13,5.970000000000001,1.095890410958904,2.794520547945205,0.98,2.0,1.7,2.06,1.095890410958904,5.47945205479452,1.67,1.35,1.095890410958904,3.287671232876712,1.0,2.26,1.8630136986301369,1.0958905427397185,2.1917808219178085,1.0,1.0,1.095890410958904,1.0,20.0,20.0,20.0,20.0,20.0,20.0,20.0,10.0,7.48,7.48,2.67,6.27,5.59,13.6,13.6,10.0,13.600000000000001,2.33,5.67,1.0,1.0,1.0],"e_p":[7.1685714285712905,47.62857142857129,30.668571428571283,0.0,59.25857142857129,20.418571428571283,69.22857142857129,0.0,0.0,0.0,0.0,0.0,0.0,0.0,0.0,0.0,0.0,0.0,0.0,0.0,0.0,0.0,0.0,0.0,0.0,0.0,0.0,0.0,0.0,0.0,0.0,0.0,0.0,0.0,0.0,0.0,0.0,0.0,0.06666666666666665,0.0,0.0,0.0,0.0,0.0,0.0,0.0,38.46,26.69,22.92,22.69,12.68,0.0,0.0,1.48,0.0,0.0,0.0,0.0,0.0,0.0,0.0,0.0,0.0,0.0,0.0,0.0,0.0,0.0,0.0,0.0,0.0,0.0,0.0,0.0,0.0,0.0,3.12,2.46,1.82,2.42,1.4,27.159086161879898,46.413629242819844,22.673629242819842,0.0,0.0,0.0,0.0,0.0,0.0,0.0,0.0,1.17,1.5,1.0,0.0,0.0,0.0,0.0,0.0,0.0,0.0,0.0,0.0,1.06,0.0,0.0,0.0,0.0,0.0,0.0,0.0,1.7763568394002505e-15,0.0,0.0,0.0,0.0,0.0,0.0,0.0,0.0,0.0,0.0,0.0,0.0,0.0,0.0,0.0,0.0,1.95,0.0,0.0,0.0,0.0,0.0,0.0,0.0,0.0,0.0,0.0,0.0,0.0,0.0,0.0,0.0,0.0,0.0,0.0,0.0,0.0,0.0,0.0,0.0,0.0,0.0,0.0,0.0,0.0,0.0,0.0,0.0,0.0,0.28410958904109584,0.0,0.0,0.0,0.0,0.0,0.0,0.0,0.0,0.0,0.0,0.0,0.5541095890410956,0.0,0.0,0.0,0.6141095890410959,0.025479452054794738,0.0,0.0,0.0,0.0,0.38410958904109593,0.6005479452054798,0.0,0.0,0.3541095890410959,0.36232876712328776,0.0,0.0,0.01698630136986301,0.3341094572602814,0.028219178082191654,0.0,0.0,0.07410958904109588,0.0,54.17,55.81999999999999,17.82,29.14,43.95,33.7,33.7,15.59,0.0,0.0,0.0,0.0,0.0,7.4,4.4,0.0,1.6899999999999977,0.0,0.0,0.0,0.0,0.0],"o_s":[32.0,10.0,22.0,12.0,39.0,730.0,10.0],"n_ps":[[0,0,0,0,0,0,0,0,0,0,0,0,0,0,0,0,0,0,0,0,0,0,0,0,0,0,0,0,0,0,0,0,0,0,0,0,0,0,0,0,0,0,0,0,0,0,0,0,0,0,0,1,1,0,1,1,1,1,1,1,1,1,1,1,2,1,1,1,1,1,1,1,1,1,1,1,0,0,0,0,0,0,0,0,0,0,0,0,0,0,0,0,0,0,0,0,0,0,0,0,0,0,0,0,0,0,0,0,0,0,0,0,1,0,0,0,0,0,0,0,0,0,0,0,0,0,0,0,0,0,0,0,0,0,0,0,0,0,0,0,0,0,0,0,0,0,0,0,0,0,0,0,0,0,0,0,0,0,0,0,0,0,1,0,0,0,0,0,0,0,0,1,0,0,0,0,0,0,1,0,0,1,0,0,0,5,0,0,0,0,1,0,0,1,2,0,0,0,0,0,0,0,0,0,0,0,0,0,0,0,0,0,0,0,0,0,0,0,0,0,0],[0,0,0,0,0,0,0,0,0,0,0,0,0,0,0,0,0,0,0,0,0,0,0,0,0,0,4,3,3,2,2,1,1,1,1,1,1,1,1,1,1,1,1,1,3,1,0,0,0,0,0,0,0,0,0,0,0,0,0,0,0,0,0,0,0,0,0,0,0,0,0,0,0,0,0,0,0,0,0,0,0,0,0,0,0,0,0,0,0,0,0,0,0,0,0,0,0,0,0,0,0,0,0,0,0,0,0,0,0,0,0,0,0,0,0,0,0,0,0,0,0,0,0,0,0,0,0,0,1,0,0,0,0,0,2,0,0,0,0,0,0,1,0,0,0,0,0,0,0,0,0,0,0,0,0,0,0,0,0,0,0,0,0,0,0,0,0,0,0,0,0,0,0,0,1,0,0,1,0,0,0,0,0,2,1,0,0,0,1,3,0,0,0,0,0,0,1,1,1,0,0,0,0,0,0,0,0,0,0,0,0,0,0,0,0,0,0,0,0,0,0],[0,0,0,0,0,0,0,1,0,0,0,1,0,1,5,3,1,1,1,1,1,1,1,1,2,3,0,0,0,0,0,0,0,0,0,0,0,0,0,0,0,0,0,0,0,0,0,0,0,0,0,0,0,0,0,0,0,0,0,0,0,0,0,0,0,0,0,0,0,0,0,0,0,0,0,0,0,0,0,0,0,0,0,0,0,0,0,0,0,0,0,0,0,0,0,0,0,0,0,0,0,0,0,0,0,0,0,0,0,0,0,0,0,0,0,0,0,0,0,0,0,0,0,0,0,0,0,0,0,0,0,0,0,0,0,0,0,0,0,0,0,0,0,0,0,0,0,0,0,0,0,1,0,0,0,0,0,0,0,0,0,0,0,0,0,0,0,0,0,0,0,0,0,0,0,0,0,0,0,3,0,1,2,0,0,0,2,2,0,0,0,1,2,0,0,1,0,0,0,0,0,0,0,0,0,0,0,0,0,0,0,0,0,0,0,0,0,0,0,0,0],[5,5,5,5,5,5,5,4,5,5,5,0,1,4,0,0,0,0,0,0,0,0,0,0,0,0,0,0,0,0,0,0,0,0,0,0,0,0,0,0,0,0,0,0,0,0,0,0,0,0,0,0,0,0,0,0,0,0,0,0,0,0,0,0,0,0,0,0,0,0,0,0,0,0,0,0,0,0,0,0,0,0,0,0,0,0,0,0,0,0,0,0,0,0,0,0,0,0,0,0,0,0,0,0,0,0,0,0,0,0,0,0,0,0,0,0,0,0,0,0,0,0,0,0,0,0,0,0,0,0,0,0,0,0,0,0,0,0,0,0,0,0,0,0,0,1,1,1,1,1,1,0,1,1,1,0,2,1,1,1,1,1,0,2,1,1,1,1,0,1,0,0,1,1,0,0,1,0,0,0,0,0,0,0,0,0,0,0,0,0,0,0,0,0,0,0,0,0,0,0,0,0,0,0,0,0,0,0,0,0,0,0,0,0,0,0,0,0,0,0,0],[0,0,0,0,0,0,0,0,0,0,0,0,0,0,0,0,0,0,0,0,0,0,0,0,0,0,0,0,0,0,0,0,0,0,0,0,0,0,0,0,0,0,0,0,0,0,0,0,0,0,0,0,0,0,0,0,0,0,0,0,0,0,0,0,0,0,0,0,0,0,0,0,0,0,0,0,0,0,0,0,0,0,0,0,0,0,0,0,0,0,0,0,0,0,0,0,0,0,0,0,0,0,0,4,0,1,0,0,2,0,0,1,2,2,2,2,2,5,5,1,1,1,1,1,2,1,0,0,0,0,0,0,0,0,0,0,0,0,0,0,4,0,0,0,0,0,0,0,0,0,0,0,0,0,0,0,0,0,0,0,0,0,0,0,0,0,0,0,0,0,0,0,0,0,0,0,0,0,0,0,1,0,0,0,0,0,0,0,0,0,0,0,0,0,0,0,0,0,0,0,0,0,0,0,0,0,0,0,0,0,0,0,3,3,3,3,1,2,1,3,1],[0,0,0,0,0,0,0,0,0,0,0,0,0,0,0,0,0,0,0,0,0,0,0,0,0,0,0,0,0,0,0,0,0,0,0,0,0,0,0,0,0,0,0,0,0,0,0,0,0,0,0,0,0,0,0,0,0,0,0,0,0,0,0,0,0,0,0,0,0,0,0,0,0,0,0,0,0,0,0,0,0,0,0,0,0,0,0,0,0,0,0,0,0,0,0,0,0,0,0,0,0,0,0,0,0,0,0,0,0,0,0,0,0,0,0,0,0,0,0,0,0,0,0,0,0,0,0,0,0,0,0,3,4,2,0,4,3,5,0,4,1,0,5,0,3,0,0,0,0,0,0,0,0,0,0,5,0,0,0,0,0,0,0,0,0,0,0,0,5,0,3,0,0,0,0,2,0,0,0,0,0,0,0,0,0,0,0,0,0,0,0,0,0,0,0,0,0,0,0,2,2,2,2,2,2,2,1,2,2,5,5,5,0,0,0,0,0,0,0,0,0],[0,0,0,0,0,0,0,0,0,0,0,0,0,0,0,0,0,0,0,0,0,0,0,0,0,0,0,0,0,0,0,0,0,0,0,0,0,0,0,0,0,0,0,0,0,0,0,0,0,0,0,0,0,0,0,0,0,0,0,0,0,0,0,0,0,0,0,0,0,0,0,0,0,0,0,0,0,0,0,0,0,2,3,3,2,2,2,2,2,1,2,2,0,0,0,2,2,2,1,1,1,1,5,0,0,4,1,5,0,5,1,0,0,0,0,0,0,0,0,0,0,0,0,0,0,0,5,5,0,0,1,0,0,0,0,0,0,0,5,0,0,0,0,5,0,0,0,0,0,0,0,0,0,0,0,0,0,0,0,0,0,0,0,0,0,0,0,0,0,0,0,0,0,0,0,0,0,0,0,0,0,0,0,0,0,0,0,0,0,0,0,0,0,0,0,0,0,0,0,0,0,0,0,0,0,0,0,0,0,0,0,0,0,0,0,0,0,0,0,0,0]],"y_p":[1,1,1,1,1,1,1,1,1,1,1,1,1,1,1,1,1,1,1,1,1,1,1,1,1,1,1,1,1,1,1,1,1,1,1,1,1,1,1,1,1,1,1,1,1,1,0,0,0,0,0,1,1,0,1,1,1,1,1,1,1,1,1,1,1,1,1,1,1,1,1,1,1,1,1,1,0,0,0,0,0,1,1,1,1,1,1,1,1,1,1,1,0,0,0,1,1,1,1,1,1,1,1,1,0,1,1,1,1,1,1,1,1,1,1,1,1,1,1,1,1,1,1,1,1,1,1,1,1,0,1,1,1,1,1,1,1,1,1,1,1,1,1,1,1,1,1,1,1,1,1,1,1,1,1,1,1,1,1,1,1,1,1,1,1,1,1,1,1,1,1,1,1,1,1,1,1,1,1,1,1,1,1,1,1,1,1,1,1,1,1,1,1,1,1,1,1,1,1,1,1,1,1,1,1,1,1,1,1,1,1,1,1,1,1,1,1,1,1,1,1],"b_bs":[[0.0,0.0,0.0,4950.0,0.0,0.0,4950.0,0.0,0.0],[0.0,4950.0,0.0,0.0,0.0,0.0,4950.0,0.0,0.0],[4950.0,0.0,0.0,0.0,0.0,0.0,4950.0,0.0,0.0],[4950.0,0.0,0.0,0.0,0.0,0.0,4950.0,0.0,0.0],[0.0,0.0,0.0,0.0,0.0,0.0,4950.0,0.0,4950.0],[0.0,0.0,0.0,0.0,0.0,0.0,4950.0,4950.0,0.0],[0.0,0.0,0.0,0.0,0.0,4950.0,4950.0,0.0,0.0]],"m_bm":[[4950.0,4950.0,4950.0,4950.0,4950.0,4950.0,4950.0,4950.0,4950.0]],"z_bs":[[0,0,0,1,0,0,1,0,0],[0,1,0,0,0,0,1,0,0],[1,0,0,0,0,0,1,0,0],[1,0,0,0,0,0,1,0,0],[0,0,0,0,0,0,1,0,1],[0,0,0,0,0,0,1,1,0],[0,0,0,0,0,1,1,0,0]],"z_bs_f":[[0,0,0,1,0,0,1,0,0],[0,1,0,0,0,0,0,0,0],[1,0,0,0,0,0,0,0,0],[0,0,0,0,0,0,0,0,0],[0,0,0,0,0,0,0,0,1],[0,0,0,0,0,0,0,1,0],[0,0,0,0,0,1,0,0,0]],"z_bs_l":[[0,0,0,1,0,0,0,0,0],[0,1,0,0,0,0,0,0,0],[0,0,0,0,0,0,0,0,0],[1,0,0,0,0,0,0,0,0],[0,0,0,0,0,0,0,0,1],[0,0,0,0,0,0,0,1,0],[0,0,0,0,0,1,1,0,0]],"x_bs":[[0.0,0.0,0.0,4950.0,0.0,0.0,0.0,0.0,0.0],[0.0,4950.0,0.0,0.0,0.0,0.0,0.0,0.0,0.0],[4950.0,0.0,0.0,0.0,0.0,0.0,0.0,0.0,0.0],[4950.0,0.0,0.0,0.0,0.0,0.0,0.0,0.0,0.0],[0.0,0.0,0.0,0.0,0.0,0.0,0.0,0.0,4950.0],[0.0,0.0,0.0,0.0,0.0,0.0,0.0,4950.0,0.0],[0.0,0.0,0.0,0.0,0.0,4950.0,0.0,0.0,0.0]],"x_bm":[[4950.0,4950.0,4950.0,4950.0,0.0,4950.0,0.0,4950.0,4950.0]],"w_bb":[[0,0,1,0,0,0,0,0,0],[0,0,1,0,0,0,0,0,0],[0,0,0,0,0,0,0,0,0],[0,0,1,0,0,0,0,0,0],[0,0,0,0,0,0,0,0,0],[0,0,1,0,0,0,0,0,0],[1,1,1,1,0,1,0,1,1],[0,0,1,0,0,0,0,0,0],[0,0,1,0,0,0,0,0,0]],"v_bm":[[1,1,1,1,1,1,1,1,1]]}